Step; State; Reward
1; [[2.6489e-01 1.2328e+01 1.4305e-04 2.6660e-01 1.4305e-04 1.4305e-04
  1.1625e+01 1.1672e+01 2.6611e-01 1.1672e+01 1.1672e+01 1.4305e-04
  1.4305e-04 1.4305e-04 1.4305e-04 1.4305e-04]]; [1539.219]
2; [[ 0.2966 11.945   0.      0.2966  0.      0.     11.79   11.766   0.2966
  11.766  11.766   0.      0.      0.      0.      0.    ]]; [1557.2405]
3; [[ 2.713   8.23    0.      2.854   0.      0.     11.73   10.83    0.3152
  10.83   10.83    0.      2.547   0.      0.      0.    ]]; [1748.5034]
4; [[11.91    0.      0.     12.29    0.      0.     11.86   11.91    0.4253
  11.91   11.91    0.     11.85    0.      0.      0.    ]]; [4195.674]
5; [[7.027 0.    0.    6.266 0.    0.    6.023 6.773 0.242 6.773 6.773 0.
  6.02  0.    0.    0.   ]]; [1384.6559]
6; [[0. 0. 0. 0. 0. 0. 0. 0. 0. 0. 0. 0. 0. 0. 0. 0.]]; [0.]
7; [[0. 0. 0. 0. 0. 0. 0. 0. 0. 0. 0. 0. 0. 0. 0. 0.]]; [0.]
8; [[0. 0. 0. 0. 0. 0. 0. 0. 0. 0. 0. 0. 0. 0. 0. 0.]]; [0.]
9; [[0. 0. 0. 0. 0. 0. 0. 0. 0. 0. 0. 0. 0. 0. 0. 0.]]; [0.]
10; [[0.0002403  0.00011444 0.00011444 0.00011444 0.00011444 0.00011444
  0.00011444 0.0002403  0.00011444 0.00011444 0.00011444 0.00011444
  0.00011444 0.00011444 0.00011444 0.00011444]]; [0.00769043]
11; [[0. 0. 0. 0. 0. 0. 0. 0. 0. 0. 0. 0. 0. 0. 0. 0.]]; [0.]
12; [[0.0003014  0.000143   0.000143   0.000143   0.000143   0.000143
  0.000143   0.0002403  0.00011444 0.00011444 0.00011444 0.000143
  0.000143   0.000143   0.000143   0.000143  ]]; [0.00866699]
13; [[0. 0. 0. 0. 0. 0. 0. 0. 0. 0. 0. 0. 0. 0. 0. 0.]]; [0.]
14; [[0.0002403  0.00011444 0.00011444 0.00011444 0.00011444 0.00011444
  0.00011444 0.0002403  0.00011444 0.00011444 0.00011444 0.00011444
  0.00011444 0.00011444 0.00011444 0.00011444]]; [0.00769043]
15; [[0. 0. 0. 0. 0. 0. 0. 0. 0. 0. 0. 0. 0. 0. 0. 0.]]; [0.]
