Step; State; Reward
1; [[1.763e-01 7.262e+00 1.431e-04 1.580e-01 3.014e-04 3.014e-04 6.980e+00
  6.738e+00 1.580e-01 6.734e+00 6.734e+00 1.431e-04 1.431e-04 1.431e-04
  1.431e-04 1.431e-04]]; [552.49915]
2; [[0.2637 9.97   0.     0.2637 0.     0.     9.46   9.47   0.2637 9.47
  9.47   0.     0.     0.     0.     0.    ]]; [1038.3982]
3; [[1.1963e-01 1.9893e+00 1.1444e-04 1.2140e-01 1.1444e-04 1.1444e-04
  3.3047e+00 3.4609e+00 1.2128e-01 3.4570e+00 3.4570e+00 1.1444e-04
  1.1444e-04 1.1444e-04 1.1444e-04 1.1444e-04]]; [151.61191]
4; [[0. 0. 0. 0. 0. 0. 0. 0. 0. 0. 0. 0. 0. 0. 0. 0.]]; [0.]
5; [[0.0002403  0.00011444 0.00011444 0.00011444 0.00011444 0.00011444
  0.00011444 0.0002403  0.00011444 0.00011444 0.00011444 0.00011444
  0.00011444 0.00011444 0.00011444 0.00011444]]; [0.00769043]
6; [[0. 0. 0. 0. 0. 0. 0. 0. 0. 0. 0. 0. 0. 0. 0. 0.]]; [0.]
7; [[0.0003014  0.000143   0.000143   0.000143   0.000143   0.000143
  0.000143   0.0002403  0.00011444 0.00011444 0.00011444 0.00011444
  0.00011444 0.00011444 0.000143   0.000143  ]]; [0.00866699]
8; [[0. 0. 0. 0. 0. 0. 0. 0. 0. 0. 0. 0. 0. 0. 0. 0.]]; [0.]
9; [[0.0002403  0.00011444 0.00011444 0.00011444 0.00011444 0.00011444
  0.00011444 0.0002403  0.00011444 0.00011444 0.00011444 0.00011444
  0.00011444 0.00011444 0.00011444 0.00011444]]; [0.00769043]
10; [[0. 0. 0. 0. 0. 0. 0. 0. 0. 0. 0. 0. 0. 0. 0. 0.]]; [0.]
11; [[0. 0. 0. 0. 0. 0. 0. 0. 0. 0. 0. 0. 0. 0. 0. 0.]]; [0.]
12; [[0. 0. 0. 0. 0. 0. 0. 0. 0. 0. 0. 0. 0. 0. 0. 0.]]; [0.]
13; [[0. 0. 0. 0. 0. 0. 0. 0. 0. 0. 0. 0. 0. 0. 0. 0.]]; [0.]
14; [[0. 0. 0. 0. 0. 0. 0. 0. 0. 0. 0. 0. 0. 0. 0. 0.]]; [0.]
15; [[0. 0. 0. 0. 0. 0. 0. 0. 0. 0. 0. 0. 0. 0. 0. 0.]]; [0.]
