Step; State; Reward
1; [[ 0.254  11.375   0.      0.2542  0.      0.     11.05   11.05    0.2542
  11.05   11.05    0.      0.      0.      0.      0.    ]]; [1380.6783]
2; [[ 0.221  10.29    0.      0.2206  0.      0.      9.52    9.49    0.2205
   9.49    9.49    0.      0.      0.      0.      0.    ]]; [1045.3372]
3; [[0.01451  0.003983 0.       0.01756  0.       0.       0.06946  0.1735
  0.01756  0.1687   0.1687   0.       0.       0.       0.       0.      ]]; [3.0073242]
4; [[0. 0. 0. 0. 0. 0. 0. 0. 0. 0. 0. 0. 0. 0. 0. 0.]]; [0.]
5; [[0. 0. 0. 0. 0. 0. 0. 0. 0. 0. 0. 0. 0. 0. 0. 0.]]; [0.]
6; [[0. 0. 0. 0. 0. 0. 0. 0. 0. 0. 0. 0. 0. 0. 0. 0.]]; [0.]
7; [[0.0003014  0.000143   0.000143   0.000143   0.00011444 0.000143
  0.00011444 0.0003014  0.000143   0.000143   0.000143   0.000143
  0.000143   0.000143   0.00011444 0.00011444]]; [0.00964355]
8; [[0. 0. 0. 0. 0. 0. 0. 0. 0. 0. 0. 0. 0. 0. 0. 0.]]; [0.]
9; [[0.0002403  0.00011444 0.00011444 0.00011444 0.00011444 0.00011444
  0.00011444 0.0002403  0.00011444 0.00011444 0.00011444 0.00011444
  0.00011444 0.00011444 0.00011444 0.00011444]]; [0.00769043]
10; [[0. 0. 0. 0. 0. 0. 0. 0. 0. 0. 0. 0. 0. 0. 0. 0.]]; [0.]
11; [[0.0003014 0.000143  0.000143  0.000143  0.000143  0.000143  0.000143
  0.0003014 0.000143  0.000143  0.000143  0.000143  0.000143  0.000143
  0.000143  0.000143 ]]; [0.00964355]
12; [[0. 0. 0. 0. 0. 0. 0. 0. 0. 0. 0. 0. 0. 0. 0. 0.]]; [0.]
13; [[0.0002403  0.00011444 0.00011444 0.00011444 0.00011444 0.00011444
  0.00011444 0.0002403  0.00011444 0.00011444 0.00011444 0.00011444
  0.00011444 0.00011444 0.00011444 0.00011444]]; [0.00769043]
14; [[0. 0. 0. 0. 0. 0. 0. 0. 0. 0. 0. 0. 0. 0. 0. 0.]]; [0.]
15; [[0.0002403  0.00011444 0.00011444 0.0002403  0.0002403  0.00011444
  0.00011444 0.0002403  0.00011444 0.00011444 0.00011444 0.00011444
  0.00011444 0.00011444 0.00011444 0.00011444]]; [0.00769043]
