Step; State; Reward
1; [[ 0.25   11.52    0.      0.2507  0.      0.     11.414  11.12    0.2507
   5.71    5.71    0.      0.      0.      0.      0.    ]]; [1159.323]
2; [[6.2656e+00 9.6562e+00 1.4305e-04 6.2656e+00 1.4305e-04 1.4305e-04
  1.5883e+01 1.1875e+01 4.3579e-01 7.6680e+00 7.6680e+00 1.4305e-04
  5.8320e+00 1.4305e-04 1.4305e-04 1.4305e-04]]; [2725.3223]
3; [[ 8.91    2.225   0.      9.08    0.      0.     10.734   9.516   0.5703
   8.61    8.61    0.      8.52    0.      0.      0.    ]]; [2587.023]
4; [[2.1855e+00 4.6641e+00 1.1444e-04 1.9043e+00 1.1444e-04 1.1444e-04
  6.1641e+00 8.4688e+00 4.0308e-01 6.4805e+00 6.4805e+00 1.1444e-04
  1.4941e+00 1.1444e-04 1.1444e-04 1.1444e-04]]; [891.7581]
5; [[0. 0. 0. 0. 0. 0. 0. 0. 0. 0. 0. 0. 0. 0. 0. 0.]]; [0.]
6; [[0.0003014 0.000143  0.000143  0.000143  0.000143  0.000143  0.000143
  0.0003014 0.000143  0.000143  0.000143  0.000143  0.000143  0.000143
  0.000143  0.000143 ]]; [0.00964355]
7; [[0. 0. 0. 0. 0. 0. 0. 0. 0. 0. 0. 0. 0. 0. 0. 0.]]; [0.]
8; [[0.0002403  0.00011444 0.00011444 0.00011444 0.00011444 0.00011444
  0.00011444 0.0002403  0.00011444 0.00011444 0.00011444 0.00011444
  0.00011444 0.00011444 0.00011444 0.00011444]]; [0.00769043]
9; [[0. 0. 0. 0. 0. 0. 0. 0. 0. 0. 0. 0. 0. 0. 0. 0.]]; [0.]
10; [[0. 0. 0. 0. 0. 0. 0. 0. 0. 0. 0. 0. 0. 0. 0. 0.]]; [0.]
11; [[0. 0. 0. 0. 0. 0. 0. 0. 0. 0. 0. 0. 0. 0. 0. 0.]]; [0.]
12; [[0. 0. 0. 0. 0. 0. 0. 0. 0. 0. 0. 0. 0. 0. 0. 0.]]; [0.]
13; [[0. 0. 0. 0. 0. 0. 0. 0. 0. 0. 0. 0. 0. 0. 0. 0.]]; [0.]
14; [[0. 0. 0. 0. 0. 0. 0. 0. 0. 0. 0. 0. 0. 0. 0. 0.]]; [0.]
15; [[0.0002403  0.00011444 0.00011444 0.00011444 0.00011444 0.00011444
  0.00011444 0.0002403  0.00011444 0.00011444 0.00011444 0.00011444
  0.00011444 0.00011444 0.00011444 0.00011444]]; [0.00769043]
