Step; State; Reward
1; [[2.5415e-01 1.1875e+01 1.4305e-04 2.5415e-01 1.4305e-04 1.4305e-04
  1.1406e+01 1.1398e+01 2.5415e-01 1.1398e+01 1.1398e+01 1.4305e-04
  1.4305e-04 1.4305e-04 1.4305e-04 1.4305e-04]]; [1468.1691]
2; [[0.224  6.53   0.     0.2283 0.     0.     7.965  8.164  0.2281 8.16
  8.16   0.     0.     0.     0.     0.    ]]; [745.72406]
3; [[0.0003014 0.000143  0.000143  0.000143  0.000143  0.000143  0.000143
  0.0003014 0.000143  0.000143  0.000143  0.000143  0.000143  0.000143
  0.000143  0.000143 ]]; [0.00964355]
4; [[0. 0. 0. 0. 0. 0. 0. 0. 0. 0. 0. 0. 0. 0. 0. 0.]]; [0.]
5; [[0.0002403  0.00011444 0.00011444 0.00011444 0.00011444 0.00011444
  0.00011444 0.0002403  0.00011444 0.00011444 0.00011444 0.00011444
  0.00011444 0.00011444 0.00011444 0.00011444]]; [0.00769043]
6; [[0. 0. 0. 0. 0. 0. 0. 0. 0. 0. 0. 0. 0. 0. 0. 0.]]; [0.]
7; [[0.0003014 0.000143  0.000143  0.000143  0.000143  0.000143  0.000143
  0.0003014 0.000143  0.000143  0.000143  0.000143  0.000143  0.000143
  0.000143  0.000143 ]]; [0.00964355]
8; [[0. 0. 0. 0. 0. 0. 0. 0. 0. 0. 0. 0. 0. 0. 0. 0.]]; [0.]
9; [[0. 0. 0. 0. 0. 0. 0. 0. 0. 0. 0. 0. 0. 0. 0. 0.]]; [0.]
10; [[0. 0. 0. 0. 0. 0. 0. 0. 0. 0. 0. 0. 0. 0. 0. 0.]]; [0.]
11; [[0. 0. 0. 0. 0. 0. 0. 0. 0. 0. 0. 0. 0. 0. 0. 0.]]; [0.]
12; [[0. 0. 0. 0. 0. 0. 0. 0. 0. 0. 0. 0. 0. 0. 0. 0.]]; [0.]
13; [[0. 0. 0. 0. 0. 0. 0. 0. 0. 0. 0. 0. 0. 0. 0. 0.]]; [0.]
14; [[0. 0. 0. 0. 0. 0. 0. 0. 0. 0. 0. 0. 0. 0. 0. 0.]]; [0.]
15; [[0. 0. 0. 0. 0. 0. 0. 0. 0. 0. 0. 0. 0. 0. 0. 0.]]; [0.]
