Step; State; Reward
1; [[0.0358 0.5967 0.     0.0209 0.     0.     0.5967 0.5503 0.0209 0.5483
  0.5483 0.     0.     0.     0.     0.    ]]; [9.380341]
2; [[0.07556 2.643   0.      0.0713  0.      0.      2.506   2.674   0.07544
  1.25    1.25    0.      0.      0.      0.      0.     ]]; [87.01796]
3; [[8.636e-02 3.594e+00 0.000e+00 8.624e-02 0.000e+00 1.259e-04 3.463e+00
  3.523e+00 8.636e-02 1.638e+00 1.638e+00 0.000e+00 0.000e+00 0.000e+00
  0.000e+00 0.000e+00]]; [139.73802]
4; [[0.2119 9.54   0.     0.2104 0.     0.     9.61   9.625  0.2114 4.73
  4.73   0.     0.     0.     0.     0.    ]]; [860.38245]
5; [[2.344e-01 1.039e+01 1.431e-04 2.361e-01 1.431e-04 1.431e-04 1.049e+01
  1.038e+01 2.341e-01 5.285e+00 5.285e+00 1.431e-04 1.431e-04 1.431e-04
  1.431e-04 1.431e-04]]; [1005.31354]
6; [[0.0421  1.428   0.      0.0559  0.      0.      1.479   1.497   0.05603
  1.492   1.492   0.      0.      0.      0.      0.     ]]; [39.68467]
7; [[0. 0. 0. 0. 0. 0. 0. 0. 0. 0. 0. 0. 0. 0. 0. 0.]]; [0.]
8; [[0. 0. 0. 0. 0. 0. 0. 0. 0. 0. 0. 0. 0. 0. 0. 0.]]; [0.]
9; [[0. 0. 0. 0. 0. 0. 0. 0. 0. 0. 0. 0. 0. 0. 0. 0.]]; [0.]
10; [[0. 0. 0. 0. 0. 0. 0. 0. 0. 0. 0. 0. 0. 0. 0. 0.]]; [0.]
11; [[0. 0. 0. 0. 0. 0. 0. 0. 0. 0. 0. 0. 0. 0. 0. 0.]]; [0.]
12; [[0. 0. 0. 0. 0. 0. 0. 0. 0. 0. 0. 0. 0. 0. 0. 0.]]; [0.]
13; [[0. 0. 0. 0. 0. 0. 0. 0. 0. 0. 0. 0. 0. 0. 0. 0.]]; [0.]
14; [[0.0002403  0.00011444 0.00011444 0.00011444 0.00011444 0.00011444
  0.00011444 0.0002403  0.00011444 0.00011444 0.00011444 0.00011444
  0.00011444 0.00011444 0.00011444 0.00011444]]; [0.00769043]
15; [[0. 0. 0. 0. 0. 0. 0. 0. 0. 0. 0. 0. 0. 0. 0. 0.]]; [0.]
