Step; State; Reward
1; [[0. 0. 0. 0. 0. 0. 0. 0. 0. 0. 0. 0. 0. 0. 0. 0.]]; [0.]
2; [[5.301e+00 1.164e+01 1.431e-04 5.320e+00 5.102e+00 1.431e-04 6.496e+00
  1.171e+01 5.355e+00 6.605e+00 1.170e+01 1.431e-04 1.431e-04 5.102e+00
  1.431e-04 1.431e-04]]; [2630.8157]
3; [[4.93  9.3   0.    4.914 4.73  0.    4.605 9.305 4.89  4.625 9.305 0.
  0.    4.715 0.    0.   ]]; [1831.2107]
4; [[9.4297e+00 1.2373e+00 1.1444e-04 1.0094e+01 2.4524e-01 1.1444e-04
  1.0492e+01 9.6875e+00 7.3682e-01 9.4375e+00 9.6875e+00 1.1444e-04
  9.3516e+00 2.4524e-01 1.1444e-04 1.1444e-04]]; [2807.1226]
5; [[ 9.49   0.735  0.     9.67   0.     5.543  4.69  11.33   6.062 11.33
   5.844  0.     9.5    0.     0.     5.53 ]]; [3414.5278]
6; [[0.10376    0.000553   0.00011444 0.00011444 0.00011444 0.00011444
  0.000553   0.00068    0.00011444 0.00011444 0.00011444 0.00011444
  0.00011444 0.00011444 0.00011444 0.00011444]]; [1.670929]
7; [[0. 0. 0. 0. 0. 0. 0. 0. 0. 0. 0. 0. 0. 0. 0. 0.]]; [0.]
8; [[0. 0. 0. 0. 0. 0. 0. 0. 0. 0. 0. 0. 0. 0. 0. 0.]]; [0.]
9; [[0. 0. 0. 0. 0. 0. 0. 0. 0. 0. 0. 0. 0. 0. 0. 0.]]; [0.]
10; [[0. 0. 0. 0. 0. 0. 0. 0. 0. 0. 0. 0. 0. 0. 0. 0.]]; [0.]
11; [[0. 0. 0. 0. 0. 0. 0. 0. 0. 0. 0. 0. 0. 0. 0. 0.]]; [0.]
12; [[0. 0. 0. 0. 0. 0. 0. 0. 0. 0. 0. 0. 0. 0. 0. 0.]]; [0.]
13; [[0.0002403  0.00011444 0.00011444 0.00011444 0.00011444 0.00011444
  0.00011444 0.0002403  0.00011444 0.00011444 0.00011444 0.00011444
  0.00011444 0.00011444 0.00011444 0.00011444]]; [0.00769043]
14; [[0. 0. 0. 0. 0. 0. 0. 0. 0. 0. 0. 0. 0. 0. 0. 0.]]; [0.]
15; [[0.0002403  0.00011444 0.00011444 0.00011444 0.00011444 0.00011444
  0.00011444 0.0002403  0.00011444 0.00011444 0.00011444 0.00011444
  0.00011444 0.00011444 0.00011444 0.00011444]]; [0.00769043]
