Step; State; Reward
1; [[0.00811   0.001183  0.        0.0008326 0.        0.        0.001183
  0.001183  0.0008326 0.00037   0.00037   0.        0.        0.
  0.        0.       ]]; [0.14868164]
2; [[2.490e-01 1.121e+01 1.431e-04 2.396e-01 1.431e-04 1.431e-04 1.105e+01
  1.098e+01 2.395e-01 9.750e+00 9.750e+00 1.431e-04 1.431e-04 1.431e-04
  1.431e-04 1.431e-04]]; [1306.8202]
3; [[ 0.2588 11.66    0.      0.2593  0.      0.     11.7    11.7     0.2593
   5.848   5.848   0.      0.      0.      0.      0.    ]]; [1250.6042]
4; [[1.838e-01 7.090e+00 1.431e-04 1.838e-01 1.431e-04 1.431e-04 7.289e+00
  7.383e+00 1.840e-01 5.078e+00 5.078e+00 1.431e-04 1.431e-04 1.431e-04
  1.431e-04 1.431e-04]]; [566.1616]
5; [[0. 0. 0. 0. 0. 0. 0. 0. 0. 0. 0. 0. 0. 0. 0. 0.]]; [0.]
6; [[0.0002403  0.00011444 0.00011444 0.00011444 0.00011444 0.00011444
  0.00011444 0.0002403  0.00011444 0.00011444 0.00011444 0.00011444
  0.00011444 0.00011444 0.00011444 0.00011444]]; [0.00769043]
7; [[0. 0. 0. 0. 0. 0. 0. 0. 0. 0. 0. 0. 0. 0. 0. 0.]]; [0.]
8; [[0.0002403  0.00011444 0.00011444 0.00011444 0.00011444 0.00011444
  0.00011444 0.0002403  0.00011444 0.00011444 0.00011444 0.00011444
  0.00011444 0.00011444 0.00011444 0.00011444]]; [0.00769043]
9; [[0. 0. 0. 0. 0. 0. 0. 0. 0. 0. 0. 0. 0. 0. 0. 0.]]; [0.]
10; [[0.0002403  0.00011444 0.00011444 0.00011444 0.00011444 0.00011444
  0.00011444 0.0002403  0.00011444 0.00011444 0.00011444 0.00011444
  0.00011444 0.00011444 0.00011444 0.00011444]]; [0.00769043]
11; [[0. 0. 0. 0. 0. 0. 0. 0. 0. 0. 0. 0. 0. 0. 0. 0.]]; [0.]
12; [[0.0003014 0.000143  0.000143  0.000143  0.000143  0.000143  0.000143
  0.0003014 0.000143  0.000143  0.000143  0.000143  0.000143  0.000143
  0.000143  0.000143 ]]; [0.00964355]
13; [[0. 0. 0. 0. 0. 0. 0. 0. 0. 0. 0. 0. 0. 0. 0. 0.]]; [0.]
14; [[0.0002403  0.00011444 0.00011444 0.00011444 0.00011444 0.00011444
  0.00011444 0.0002403  0.00011444 0.00011444 0.00011444 0.00011444
  0.00011444 0.00011444 0.00011444 0.00011444]]; [0.00769043]
15; [[0. 0. 0. 0. 0. 0. 0. 0. 0. 0. 0. 0. 0. 0. 0. 0.]]; [0.]
